"","""LEW.STD.1""","""LEW.STD.2""","""LEW.STD.3""","""LEW.STD.4""","""LEW.STD.5""","""WKY.STD.1""","""WKY.STD.2""","""WKY.STD.3""","""WKY.STD.4""","""WKY.STD.5""","""LEW.CAF.1""","""LEW.CAF.2""","""LEW.CAF.3""","""LEW.CAF.4""","""LEW.CAF.5""","""WKY.CAF.1""","""WKY.CAF.2""","""WKY.CAF.3""","""WKY.CAF.4""","""WKY.CAF.5"""
"Ccdc92",8.82565960140812,9.02755013490745,8.83560664043591,9.72649968022825,8.98866787021839,8.03721084846211,8.28147830483886,7.98436405750785,8.07288597987069,8.0788748050986,9.17342303465287,9.04572721051677,9.36898791181696,9.73455135816714,9.33640440251309,8.01833298498816,8.14664548510237,8.29058940167862,8.47970737446778,8.5167229636923
"Mir223",10.8146175457297,10.9175681216724,10.8122428575819,10.9056408886786,11.0510343780548,9.12353399107653,10.4052728005609,10.0438731517995,10.1433811512533,10.8659487258687,10.9259839139509,11.1376311938218,10.8712457784736,10.5504617555018,11.0359149737956,9.21834837482172,9.48315854254791,9.11031698577667,9.55178390577948,9.89859257228981
"Lpcat2",9.42093496049121,9.7013794282058,9.68148286452837,9.79349149291112,10.397875191823,9.87315643838676,11.1269255614647,11.0418240680459,10.7086098532503,11.6734557457896,9.69230871451066,9.60134172849665,9.92965753778186,9.73803745712643,10.3337856145574,10.5101531674481,10.3910503637879,9.80481226489986,10.724584682973,10.9630279681735
"Il4i1",8.19214367916154,8.52512525854309,8.19020182897749,7.57977257968805,8.14795569398436,9.28893544164554,9.48217982483466,8.60219934615859,9.23971378266876,9.10495610621868,7.91564825387429,7.68122643355584,7.56910451078281,8.08564784994302,8.15294049038775,8.88967336791858,8.97604340613153,8.93044367629525,9.07723649205463,8.90860893034876
"Hbq1b",6.65249058207527,7.1118849021371,8.3245620539431,9.0911614899847,8.28655657310533,7.19178689968532,7.17808617288044,7.94295247313336,6.87521156484175,7.06335864802442,9.24428955269565,9.44507041031808,9.88056411242971,7.94635570400241,8.31290308759031,7.70922451171439,7.47171242707052,6.50778118578047,7.96301614576726,8.16764755236331
"LOC100361706",9.59640258779095,8.96166687054114,8.94408317103792,9.20899673416832,9.43777988371199,10.8733495116341,10.2449312831421,10.6350547685546,10.5830872526312,11.0817029240787,9.1238841547643,8.81302062470382,9.12715134717061,9.46311255331601,9.36445912269407,10.5408120659068,10.7666247390574,10.643329421825,10.7368825305929,11.0676146492794
"LOC100363171",11.0487339651679,11.0853256357736,10.9360520990107,11.9884451079223,11.2797731413792,8.30016755749058,8.09509333806023,8.27424559873752,8.33241297148573,8.20505538106068,11.125799791068,11.0829035111628,11.2523997842964,11.5243838052558,11.2668049388428,7.89413583949133,8.1790280587795,8.24011206471263,8.38157326342087,8.3302218265897
"LOC100910885",6.09093351631477,5.7830159033397,5.77457453980714,5.59908649294128,5.53850637757706,6.45359097278182,6.85713235044748,6.69051917363101,7.13934970319091,7.01949848917365,5.73883001190625,6.10472573094322,6.18146176847606,5.68327157642893,5.67431372151855,6.38334450438281,6.24817078421432,6.5376547651861,6.78647683358701,6.10457293891131
"LOC102551064",5.65775804967772,5.45458004823832,5.45241298911174,5.61134602606792,5.6950023345705,7.25556052214199,7.51599159807478,7.24003097952557,7.5685711896284,7.3696506369234,5.61402656327692,5.57241430903614,5.52034308389714,5.63356774166262,5.69663519953455,7.30956500450711,7.2005436634455,7.53157689393932,7.0982967907235,7.21543783314814
"LOC103690111",7.10692569508668,6.85789002951349,7.14923057797422,7.11825615813558,7.1605114066188,9.34907235925277,9.09451077714508,8.98885217891938,9.00008553980999,9.22078734060682,7.09922548101852,6.34477012678609,6.6601952155362,6.88999178806378,6.84062064650022,8.63692982719243,8.94167256441313,8.59489675098083,8.70457574929073,8.96611433210362
"Hemgn",7.31936052779753,7.68419546943913,8.776094582198,9.22908878663048,8.35927818063443,7.8542183264729,7.64447005031933,8.53471971589944,7.56945266675659,7.69291916683448,9.66884327032945,9.61533863673541,9.91722761431242,8.20781183166252,8.4984173712355,8.16922286899209,8.0762737293394,7.36034335522974,8.5728250669583,8.67911809779858
"Egr2",8.82032788447961,8.45055669274353,8.44074618698127,9.12967867234764,9.09572946889909,9.55331358494036,9.97266116044792,9.4884590055045,10.4846881735337,9.98551421101639,8.27550617673944,7.32280217957661,8.88572848469114,8.77781110871563,9.21010566577867,9.70307431826001,9.38579012500391,9.40979319472145,9.04655620591047,9.24181171173183
"Slfn4",11.067028504959,11.4518225914475,11.2875305455917,11.2762606276583,11.0757141449589,12.2663375697471,12.5227704608387,12.5877298084761,12.3724545040534,12.6234832020057,11.4796262029945,11.7630252706201,11.2107506703605,10.8872487155656,11.080961488456,11.9367356396647,12.0870321425849,11.9524628448965,12.3039908234341,12.2044410460466
"Pkia",8.52511068237211,8.78624196746595,8.73958690929729,9.6662408065465,9.12212163351324,7.88118561864171,7.51022128918348,7.69741454997782,7.37854964446651,7.23656145584282,8.69360026638154,8.58988093742623,9.01233414459566,9.22996325269405,8.61882589394948,7.70560757353939,7.92143595991946,7.47906686599253,7.68991597064924,7.89703447000392
"Tjp2",6.7931310460847,6.59184839851021,6.54873927434066,6.36520588127358,6.31777720983543,8.35534155883694,8.17228326955446,7.91731577370124,8.1370884748896,8.1165444030197,6.51839198873574,6.61686216935381,6.41019671512326,6.49821814108988,6.47593768453909,8.27498641762487,8.29567053695945,8.4639217669,8.13366289427442,8.46294552784846
"S100a8",6.66057977006552,7.37395453170367,7.4403270354303,7.03631228305663,7.15911513080745,8.10680073976338,9.89059815659308,9.18486966329142,8.35011542269458,9.93424993692011,6.83227658291252,8.37032536687357,7.3947500859306,6.94396572807958,7.65938067924471,9.12228258477157,8.73779111806093,7.97073256708632,8.92648880367966,9.43578636158633
"Il1r2",7.35598696844659,8.45725285622105,8.22909044305634,7.65430579329401,8.26506432806047,8.06867420361855,10.3408917104033,9.29897051299791,8.9794870811243,10.583661515522,8.05206471835727,9.16168940583352,7.98118080334006,7.57410755868101,8.37303953287245,9.45701381184296,8.29522548232492,8.07435096673201,9.41763568891174,8.98115500501345
"Mmp12",6.23419705920965,6.2346795107873,5.95795617302996,5.86810113713477,6.2895529041747,6.52130325185754,7.02970010967086,7.53967091512479,8.09329584236747,7.27894397876394,6.18284205557974,5.88828404237645,5.76139011275139,6.22134471242276,6.83192307895683,6.89293095586104,6.89340393954834,7.00618848141434,7.26627938876997,7.83597297607351
"Pop5",9.18969991150319,9.0349225094137,9.03126889936338,8.97821554337676,9.23873699644789,10.6409924182144,10.4680047405661,10.5623282172063,10.4439189993665,10.3976673661831,8.99694207222477,8.92832053197155,8.97795838048938,9.07422364210018,9.15355667255965,10.4997783022669,10.6143863273099,10.8396834587101,10.7480267983924,10.6147752767988
"Ncr1",6.71644262243363,6.84432436272574,6.91042464610284,7.13190293645417,7.46817422729368,7.73991738489219,8.30980978709649,8.22267449309691,8.43157360437675,8.78557294638996,7.0871025309774,7.61690387761674,7.03254503701085,7.36958648346246,7.42616376965645,7.76302105719481,7.69471304966813,7.7681649569613,7.95418638586205,8.41883063721014
"Sv2a",8.62927132324755,8.39519786609952,8.56185419532035,8.9425822419887,8.64053631511755,6.93964465871058,6.91982657385488,7.53550705916472,7.05092205155523,7.19682520149079,8.53748021386763,8.30234420545516,8.91928951818983,8.61415140560755,8.58873998957082,7.04634004996225,7.08367242487561,7.35205541951949,6.9791433309171,7.0622612751003
"Chst10",6.76421712291596,6.88432050272737,7.0533586247967,6.99140770625058,6.95657736637899,7.7603917851385,7.69160594645271,7.77569135110466,7.64744580262441,7.99982137697967,6.8283219104859,6.70108861618979,6.82413782921367,6.82299667497925,7.11969168453976,8.09082115045432,8.04571829112724,8.11538493899529,8.25778982563187,8.35082163364951
"Il23a",7.95954849595417,8.18542556005513,7.89394748764931,7.35078886124524,7.63602514408909,8.51343396463689,10.4159356043754,9.77881356055672,9.72110674457905,9.93234511959475,7.88460362412675,8.20198676317113,7.44892338462843,7.49583175751568,8.16976993168879,9.87778980571285,9.34544061165775,8.83533498085507,9.99290238421501,9.86360741689798
"Lcn2",8.68348871046683,9.10850245725888,8.38185869488013,6.87023289749126,8.69430629261427,9.28436263796399,10.76696059574,10.0912560048913,9.943945158007,10.7657326821129,8.58465307157426,9.69123937143195,7.66199083774012,8.94412693602179,9.73319453063709,9.96652054480574,10.1331317901092,9.38785087171947,10.229884247916,10.4605572874678
"Tmlhe",7.07011315999953,7.22883211452227,7.24606157901535,7.40586070557756,7.28596134249535,9.1357271283114,9.1358331447433,9.11760700110194,8.96938952250512,8.81167221268456,7.12514573445284,7.19823543503971,7.34378182601542,7.40851037688516,6.99889603776853,9.11126165655118,9.12427050083737,9.28267526853713,8.86572295790921,8.92086323217579
"Kcng3",7.45625514841832,7.52226690379662,7.73013494683093,7.20671503870743,6.90533410197852,8.66508693339184,8.68758107781544,8.94841847948197,9.13626277022158,8.9916001803815,7.69140310918025,8.18081196806725,7.28272622808571,7.38460643583702,7.03329540482444,8.69735454951508,9.07856295901369,9.13298546394715,9.00106395984183,9.05819871588067
"Cx3cr1",10.0911406592612,10.1766285557947,10.0878974033466,10.7448847243397,10.099321545893,9.52554434525792,9.05737213548726,9.51579235288328,9.11124833330422,9.23107658717798,10.6758155025876,10.0715910794568,10.8448387912801,10.2218088341768,9.91841212457022,8.73392407909983,9.37979167584874,8.65209973847708,8.967940312163,9.42755486477765
"Fcer2",9.60864656516009,10.0934098341089,10.0282685268289,9.04290550791372,9.34620038726582,9.32538009977069,7.86533987760755,8.00568728413846,8.66954476288944,8.48882190142066,9.96187653456946,10.6226776677647,9.59987830645772,9.52153046464583,9.5875982758209,8.77895130017648,8.66846746060829,8.49896532899276,8.84267538759353,9.06424857272565
"Xcl1",7.49545269214245,8.15925646772397,7.64056806321893,8.24139732699393,7.85708950358341,10.1934535413151,11.1189704796782,10.3992750260598,12.4556121178076,11.622822768131,7.19886023584337,7.58931361443008,7.81289458877433,7.81795497625155,8.77711086632171,10.3932185635212,10.0339243601302,10.3362129124241,9.40641019099505,9.86073882282806
"Tmem176b",8.26521681115372,8.01531313809141,7.80995288896595,7.93858016905657,7.57461969519669,9.27668978724648,9.3822781278069,9.3222534316805,8.83899983662671,9.23790348636836,7.98943806882941,7.78219873395944,8.30989372577067,7.11307009090071,7.4205081731856,9.52501966169653,9.18921090760755,8.84087373882879,8.81885183967489,9.03406312806693
"Prok2",7.99000291329557,8.28869938118987,8.74189235445584,8.28529965281563,7.88046621424166,9.07974486628311,11.2295909853254,10.686968098426,9.82088767139251,11.20524767126,8.49445985003725,9.87272103150378,8.63654259676035,7.6946227325718,8.30293858705477,10.8972880495487,9.87624879255464,9.02295458947616,10.2872194668401,10.1920256570731
"Plpp3",6.88669956118746,7.27024678672616,7.22225061171151,6.94574796292576,6.85370898864265,7.81986021605906,8.00600825320353,7.77816252825806,7.89113684418497,7.83097871901172,7.0638385682575,6.79629503778622,6.89191621432744,6.7348045669669,7.06677606412086,7.79028801911193,7.90246845695266,7.70224216692607,8.14736875400829,8.24903566787518
"Oas1a",6.98301680629609,6.76603544448318,6.99531146557448,7.24474317575578,6.7602146715417,8.47228474221777,8.58577843525102,8.57594965555183,7.96125717480104,8.46528156282773,6.93501748096723,6.95564266324202,6.56532981053411,6.63141716342933,7.10728662115007,8.00737212681224,7.90508430968547,7.57653388200635,8.14377964651844,8.00143140787826
"Hdc",7.30570138512981,7.25799412276521,7.15893433778641,7.04281652501648,7.23510283418052,7.59834745276998,9.42397781115011,8.89733761642152,8.52433787911728,9.4264502848917,7.19680241129919,7.28365559988607,7.07023907619049,7.26740178940196,8.15640599983557,8.71322769113802,7.77677886818404,7.89115310855088,8.67211716886313,8.53130350253063
"Il1a",11.8476547614681,11.6350880060483,11.0131587945865,9.48537778282573,10.761854433602,11.9750099190098,12.5087157726067,12.1989388145701,12.3092521252316,12.0810113676443,11.3229853007867,10.4887273679403,10.4034232934021,10.8978465021196,12.0021885492884,12.3772657888098,12.2617760827651,12.0886822618877,12.338927630757,12.3794812328144
"Il6",8.79748930524965,9.18671256360011,8.7358795283551,6.71291023764518,7.14725808634635,10.1155547790116,9.36454659090485,9.72871074311574,9.21620006675275,9.34883501143186,8.89508943827184,9.23790092212475,7.64202521788607,7.39461222506451,9.04838969128063,9.55477741412461,10.1155870568637,9.24293183315051,10.1007772122052,10.041829200566
"Met",9.07799184661712,9.09469804392018,8.79082533131658,6.71757252198596,8.09672542316478,6.67763895775958,7.46142984388247,7.17798066838215,7.51001991443512,7.51964356163322,8.68338202185431,8.99730291208392,7.38225635192279,8.298412449805,10.0675348813885,7.13299667377221,7.03285930497655,6.69280155698627,6.66305025805819,7.26076038538729
"Nefh",6.09813105589388,5.89325694472639,6.29271790842128,6.22097715725578,6.11736141377102,7.1612599748636,6.80138254561689,6.84001115467941,7.16971855076779,7.29068061575043,5.97256905889769,6.07971753000228,6.09850092041963,6.0130758379075,6.03700532904662,6.89133954197215,6.97218277490587,7.20183139867487,7.50277732822851,7.261205708244
"Pdgfb",7.21055597507451,7.45600834252069,7.1057733708917,7.47226389919925,7.13987931043473,8.03260467954606,8.56034439557888,8.34797298027602,8.56604678967312,8.47397454225002,7.40277029162184,7.70190444695577,7.2423391463394,7.17310278856631,7.28612371370669,8.40283910048615,8.26869687453355,8.29698548250222,8.08383368480817,8.09767435806867
"Slc4a1",7.72899789089577,8.79632408150017,10.0327661737297,10.7813173287947,9.76188552579003,8.09220492367477,8.95625218761099,9.87375268223655,7.65590282081217,8.36753226767205,10.8122576352477,10.748814194043,11.2617853781912,9.37466394968503,9.63208642505497,9.41142583478436,9.01708991352995,7.40779552064266,9.96034946042139,9.78469143864576
"Htr1b",6.80920136293487,6.98534308149753,6.96226375794735,6.99673156718849,6.86379023828658,7.41855691204651,8.77873044853078,8.34507699784582,8.41936300909556,9.20404308439887,6.72912941882106,6.93388437684791,6.85763216101172,6.85702037633573,7.00959968528262,7.98894689045521,7.57927076217347,7.36889524959122,7.87423638738871,7.92990716052368
"Ampd3",9.38015173219295,9.56500394418738,9.53366333512168,8.62041706821385,9.41241328277658,9.79586780768611,10.9633455022676,10.4092646616599,10.1956124428862,10.7963819946893,9.54873853105904,9.7269144567311,8.98542741702839,9.20626634639008,9.75164094477477,10.3272969066281,10.0127581038785,9.36383895061815,10.0070591677064,10.3224749436271
"Klrd1",9.27740276252384,9.21463658510071,9.20958702774102,9.71656378659301,9.95963064524553,8.29093575152441,8.16050908661462,8.2918707093324,8.06455477977226,8.8214035825223,8.95099096463541,9.08041909114289,8.83521478623689,9.76063767288234,9.47287805917654,7.80573762010055,8.22000766240306,8.26167234503713,7.9398287784793,8.13111183885666
"Itga1",6.5513253555769,6.24596094029492,6.21057518073677,6.83965644842785,7.02414326664026,7.26355076407425,7.71077097699288,7.46148593678328,8.03102799410185,7.9898401736963,6.51807708490709,6.84347128142279,6.28815484547922,6.90681968813326,6.94095154619118,7.29045903674642,7.31038110527401,7.80878279126815,7.23487494792355,7.33811231150949
"Slc2a4",7.81695073427856,7.91535868517453,7.83977578772333,8.81497861061518,8.06269995033848,9.27294010286418,9.62290348688092,9.59095887599694,9.30159710224881,9.3289756073733,8.01976334591544,7.65687931985967,8.08000692121428,8.10938570762021,7.89432653166684,9.26440774801214,9.53039309389335,9.3090932237496,9.64710525325527,9.71407274114519
"Egr3",10.0119941819757,9.59906980926006,9.48897278659313,9.6473431303105,9.18891312981388,10.4818007348527,11.4504770227558,10.9525365584606,11.0781054757564,10.9322841896623,9.45094302628714,8.69223219843953,9.71706004260638,9.22248452261887,9.54857558112181,11.1211207650136,10.513300207886,10.3217296329934,9.9093326598237,10.0860337935122
"Fhl1",10.9064653509333,10.8913332130251,10.9407440948423,11.963832292422,11.2623499054465,10.1160456904266,9.75674415257081,10.3555823167141,10.1156255907718,10.1308845130969,11.0784502533927,10.8595156609501,11.1430289323981,11.2198207297436,10.8224499724738,9.80284635516484,10.2811657586723,10.2320772019272,10.5071379421503,10.4878071329459
"Aqp1",7.49807195356485,7.88039027551233,8.75140808557872,9.31386846469267,8.38731965433896,7.2855220910783,7.75016370671592,8.25762613365152,7.45495682406873,7.59867100864718,9.2123224255413,9.26682540274933,9.73255368185108,8.11091415465425,8.26028474975686,8.13035655853629,7.64955863777897,7.28074778497005,8.17510243952562,8.19452987753638
"Id1",8.42531624406467,8.9393934008764,8.6290713600972,7.93555964253383,8.05754499796162,8.80777294195217,10.1986308399608,9.67948189264748,9.740234078271,10.4865188510406,8.60861023425753,9.19840072589148,7.97229865989661,7.77738475887008,8.83451477365311,9.52159940085815,9.28623599490002,8.84058747034168,9.38681035920005,9.49562825665332
"Tnfsf15",7.87370333154416,8.10115055604162,7.70019925545982,7.44004541081496,8.19974005685838,9.78322998752929,9.71799081225218,9.6286766461795,9.46566494949911,9.64646132200351,8.05803465563045,7.86631763473931,7.66590278937869,7.77492013511116,8.7082668409619,9.42791393710351,9.74825827375799,9.28528266899093,9.48289278451796,9.54013627465827
"Alox5",5.89254875785663,6.22967395112868,5.967914933963,6.20530493518959,5.93100849641708,6.31342862163591,7.78854730034543,7.21038864997017,6.78627020431645,7.54751407098301,6.04074357835261,6.43147839176188,6.1161741218265,5.94185667517842,6.29851575219121,7.09519794005908,6.62761242479394,6.18506510652196,6.77500541314696,7.02472087926645
"Dgat2",8.67406601745169,9.30222007141758,9.33487279659128,8.99519700829317,9.12255800713257,9.78787980031031,11.7638029763885,11.3419945368514,11.2195790072353,12.0003775439195,9.06491140400435,10.1406310501337,8.98861285876566,8.43078964955702,9.9071331665244,11.2669468916509,10.5704902641924,10.1595373553396,10.9671396131838,11.1140225048176
"Bglap",7.9346724461801,8.33430757405176,8.0688223564105,9.1103133265597,8.44040228919035,7.39769301618983,7.3715087789109,7.19736696675513,7.05462871191931,6.73400594373576,8.21467240740704,7.85079724552773,8.35526442547459,9.11571044838717,8.51767156108842,7.06842228834334,7.12414700743464,6.99965846694885,7.39830480768797,7.21670110023546
"Cav1",6.25006268744609,6.28579701404099,6.16802842726251,5.85989820524483,6.10495710056527,6.72476404900218,6.54307240434184,6.76866169451689,6.56814391144728,7.20337345989473,6.03763029609875,5.86128748904952,6.06096755558121,6.16632249230797,6.13828850895045,6.87386839604837,7.00701005257416,7.00673947582776,7.15324944012116,7.38540271714427
"Hbegf",6.71985532364549,7.98658094634324,6.96064671641582,6.82569775257463,7.09921244787601,8.66248014842378,8.25350381445931,8.05122155451346,8.29276216081227,8.45637059179375,6.93452609106721,6.7173862767908,6.91062479393159,7.14071586917879,8.14152261775446,8.21606546749219,7.93415846404819,8.21454460570065,8.01896774694982,7.91850794058122
"Il1rl1",5.82201478566499,5.84442098582349,5.6647601634438,5.76097361929759,5.36904381275824,6.69412140933341,7.4296823678789,6.79649116997623,6.72687607118147,7.36490418769164,5.71193955825634,5.89261264075713,5.71920331018954,5.82167209366003,5.39941263113417,6.74083043237082,6.64415600408354,6.2807716524605,6.87784624187168,6.78322615605524
"F3",9.52454827119992,8.929848795921,8.72792943801815,7.60980536759719,8.30655604161736,9.92123486656933,10.6313696945385,10.555707026168,10.4216326116834,10.165232811615,8.55588558836298,7.10536171934301,7.75620634098739,8.13181388448387,10.2698540037028,10.0314744269461,9.9911609180862,9.92300250132271,9.57108970688668,9.56151929614264
"Fn1",12.5675440879028,12.5715471365073,12.3461950881232,12.7451468784906,12.3463152866745,11.1897961317962,11.6235285533088,11.2135964051657,10.9341940716304,11.1580263393636,12.5375319493382,12.5328103550783,12.7864408465575,12.2524771282914,12.3464518789418,11.3064596020518,11.040900288677,10.7012178449619,11.0362254089232,11.3998606535842
"Ifng",5.57290866353899,6.71443380620318,5.85192133816602,6.0814197361269,5.84203336688766,6.84053149796214,7.35635918438192,6.83170177124142,9.23712807583698,7.91744177751796,5.63144290802789,5.77983673643999,5.71151196602213,5.81343994483434,6.21609398890304,6.78239465639643,6.4145420888355,6.58343057891472,6.33396861245139,6.59576791886376
"Alas2",8.78511989548103,9.75721026935351,11.0014035988893,11.8406612089599,10.9490759904901,10.1926235606961,10.3282292075123,10.9274384283066,9.22234967610755,9.84437369595343,11.7913337189955,11.9954984515968,12.1705410332894,10.7009215547973,10.9022938334627,10.8207760359792,10.3142180091985,8.77623734827194,10.9136861009155,10.8498558434362
"Sfxn5",6.79599764676937,6.90219588005546,6.83766538358195,7.04959984791088,7.08217531125513,7.44648849552462,8.35371002609933,7.94867057280019,7.69527040399024,8.26023503935188,7.06044687267997,7.14006065045334,7.04512293555539,7.09033191522819,7.25519989324974,7.77808794255481,7.66676441467715,7.5755348706956,7.98334723877221,8.05793156008065
"Gzma",8.44424246515307,8.68801115721609,8.35314623772369,9.41461756960334,8.85499069293391,9.89909449244229,10.4793470153949,10.6836712195463,10.5122531990709,10.8446801773506,8.65298520990945,8.95024592213433,7.88277494095074,8.24214839220676,8.16079014979081,9.9723796101993,9.9722422044892,10.2313520820304,10.0878999391797,9.8053637773897
"Ccr9",6.777016199504,6.62165868755062,6.85926756538766,7.10671335069645,7.43650334356628,8.18720664495802,7.7113942259253,7.48887769837511,8.56946580504697,7.94649965754068,6.4852811547117,5.99225714921119,7.00274630594796,7.31547136484891,7.46311097702268,7.81599354698818,7.81820245393533,8.18779614538648,8.33645114708427,8.06631697142709
"Mx2",5.99631508169625,6.12771466077305,6.14057674692158,6.3622513888683,5.88362376727535,8.72150396070523,8.43817090327745,8.97986146059627,7.81966062293109,8.43163086054796,6.37469103128221,5.85069049218653,5.94464569354651,5.89250569237212,6.19262621812979,7.55845704100069,7.84365905428629,7.40281143070769,8.23357650989472,7.7425454276294
"Akr1b8",11.1834399608313,12.072669992891,11.7516963621114,10.3149952087343,12.0852282715847,11.8847818212482,10.5021556348362,10.586970184882,10.4241367668552,10.3699013163732,10.6509026481942,11.4728922928682,10.7158810777863,11.7744798368974,12.1899417685797,9.9410897252936,10.1122257215725,9.75221711404249,10.1729424378685,10.3086045275366
"Chst15",6.72585896000509,7.45236344443755,6.93852417138273,6.81225855454001,6.7688777354281,8.11819027827277,8.51992630642064,8.03400221016591,8.23647849781366,8.07300631510484,6.94619400910812,7.19535922851332,7.02830224821955,6.69023802195434,7.05236158316014,8.40611621603271,8.14602929071987,8.14363359639404,8.22452084543503,8.0964012379236
"Lgr4",6.17290941472351,6.36137906096331,6.23023337055336,6.41311297550853,6.10549930068585,7.42990533520833,6.93232494830409,6.77345030077781,7.09974969371283,7.22624043951166,6.03953924969624,6.15972283644531,5.92362625404581,6.1054229526015,6.05035247427823,7.08173958387734,7.3755860257547,7.38741518781561,7.51722128789658,7.56569045203724
"Nlrp3",11.6735072679451,11.729728249493,11.3741308282093,10.5707622632753,10.7201984055564,12.0983693717654,12.6205730255529,12.3273398922308,12.067854937886,12.4068247461846,11.5234986843442,11.2646031279211,11.1282649670491,10.6714940870433,11.3893481236654,12.2689758314078,12.1829016064574,11.8719642062264,12.2251447106394,12.3698812628635
"Ccl7",9.87023043970074,9.4398907346294,9.18047009660054,8.87044570656378,10.9516997134321,10.2167971489504,11.1755796728791,10.7087854174043,10.9186955092059,10.3846182088081,7.92871520028419,7.75910035306844,8.74147588164184,10.2025858690303,11.0248605020117,10.7924598519028,10.4504449837443,10.1659442845631,10.6875172281176,10.7739540055734
"Tm4sf19",6.89015252406843,7.72993576327542,7.37823175407655,7.94134776280583,8.52864278759424,9.21541964795087,8.82330256927355,8.4759296512673,9.37026285708192,9.25577832857871,6.77292275970863,6.71959204363625,6.99897614742646,7.83013102634112,8.71062838923153,8.20479728244034,7.8848328735965,8.25778005508324,8.13704831840139,8.09763838689048
"Retnlg",6.83880574176758,8.150500243245,7.87857100893382,7.17644739602221,7.64712258437684,9.99114418050619,11.4839863298029,11.157248263896,10.7109725002348,11.4800066998617,7.52591662896097,9.86497401097182,8.31124442961388,8.00500192472486,8.89607287107837,10.850496471561,10.448048860411,9.5161802034933,10.6464578046789,10.8549305708193
"Mis18a",6.71337960774169,6.33155823881934,6.23271817241415,6.30535437811666,6.52931793932255,4.97540746147901,5.33536499594013,5.42072179128456,5.20036653267028,5.36089143522033,6.71347239097888,6.37762224948189,6.5116312732228,6.64900123339555,6.83918263460281,5.09084211188694,5.44098411159941,5.37287864459206,5.45647181044501,5.48803097966294
"RGD1559710",5.44300104691492,5.82920755047706,5.43598289534393,5.99782361533201,5.70037529124196,6.67401913533707,6.86072934414157,6.94459858380521,6.99440389450267,6.77184476987392,4.97037598273733,4.66308012646943,5.62922222980622,5.37291290394236,5.72568096427819,6.27444032310319,6.85276824747274,6.42793378935582,7.13074897548043,6.84028733570965
"LOC288521",7.9140386639949,7.67439436753687,7.75750063460552,7.49720601670117,7.50997379943486,6.66007315540307,6.22042003075526,6.5796288168126,6.4125589763929,6.8552201704231,7.71294354425167,7.31497906901362,7.79928044482281,8.1482236379656,7.68669021079277,6.29526770006399,6.48089435917922,6.63731916431842,6.58394750727701,6.62461374969723
"Prg4",9.82233513174046,10.260558199529,9.82504212116025,9.37715293081294,10.3642264783336,8.50293377302873,9.17069993759002,8.40802191325541,8.56295678210612,9.23368002275359,9.78763072091609,10.0332115108358,9.71978846485236,9.98143846397281,10.8139577593891,8.71282199469015,8.35889783534861,8.18660084117765,8.58912529510084,9.03400509743977
"Tlr5",6.71545791670329,6.96071751173843,6.99911706066706,7.29194192404553,6.98971347212512,6.93295679849188,8.41905326068404,7.88674496305341,8.25673573575708,8.46748780348312,7.10516801590619,7.45045168687142,7.15135198837939,6.81643020017604,7.03974351925676,7.77491417409605,7.48859079057673,7.04251382881408,7.37709687795615,7.52499921780788
"G0s2",9.9617392588906,10.1082674829351,10.0524341369782,10.0802833475021,9.75212893725995,10.6438271067744,11.533383388592,11.3612487731499,10.9930153745417,11.3971192926463,10.0926919117575,10.2121427876272,10.2855082361973,9.66677546630922,10.1390470091659,10.9150597591008,10.6986347313341,10.2194786995184,10.8067848152349,10.9702701146516
"Upp1",8.86330399167035,9.10531875551797,9.01671764942414,8.6860189977949,8.99979118771413,10.1072444273291,10.8235388004353,10.4776045689196,10.1351879772898,10.6635054357025,9.08667572249159,9.83536657045586,8.92038380269357,8.60243825497104,9.42470154627108,10.4103633876624,10.2936929831916,9.8653623748101,10.5213388423853,10.6951548463919
"LOC290595",10.1452327412091,9.55962555020694,10.1700871128711,11.0259207005167,10.3503470061765,10.6715645409583,10.8540430047846,10.7481505922533,10.8082502619135,10.7932979985263,10.2812810705778,9.20609867711453,10.2817505386699,9.75816897005597,9.4055106364924,10.6797569905878,10.8492638546825,10.9457635762997,11.0816432310149,10.9100200402358
"Dctd",8.29469055901953,8.27848527546522,8.39338997479449,8.47556334775099,8.78788670707691,7.47387807134612,7.15638438335423,7.23949490014865,7.1989195591136,7.21832422035538,8.53656246383305,7.8579583623728,8.50459650233095,8.54393872117053,8.46953460536938,7.00548751172766,7.30508446702465,7.32688638460725,7.10612704713852,7.12558988201582
"Lig4",8.84607076168158,8.97678693588977,9.04947370723229,9.12736960602718,9.16253279790972,7.76967350434462,7.79147740832445,7.52673949697469,7.3800706219938,7.49258045393057,8.99103112038751,8.96438342313034,8.9127015778193,8.82196470310157,8.80333252727068,7.60736083676482,7.7189433258112,7.72842657904627,7.90122882403907,7.7405505399198
"Gzmk",10.4933679944601,10.4441634493823,10.3284655755658,11.0558808200289,10.8947497432625,11.3778328183283,12.0292096790189,11.8093992273862,11.7434174831342,11.8869488255908,10.3910226757679,10.7143113302522,10.0313543885892,10.6646036929197,10.4993246783686,11.5976752909817,11.4930996206528,11.7331346304453,11.6032760703225,11.4866832914851
"Mzb1",8.3774301640498,8.645906076433,8.69715392567578,8.29302418528993,8.04987445240448,9.27117357903874,9.50977880766917,9.19590518692973,9.27739945940798,9.90181839929206,8.46218541963171,8.6219753486908,8.19135062017618,8.23393803910242,8.11768597021512,9.59914502899414,9.40253487923657,9.26817611408708,9.50661237544004,9.69753989446606
"Dsc2",7.492556188471,7.50721100427676,7.56002858363466,7.75197353565955,7.65091916901864,6.62465250596189,6.73722300884952,6.59761435739416,6.68848076634455,6.82352960850943,7.63124167409476,8.14247587772829,7.34072816593297,7.66416606123175,7.62103099787509,6.68271856160091,6.69998300230111,6.61881198276835,6.56118955915961,6.682832282093
"Adgrg3",6.81141975226671,7.17205648161129,7.04296519695037,7.25035843006782,7.05929498050384,7.17274768809185,8.66970735830928,8.20637719467409,7.89781119051688,8.52301335450126,7.15595853286921,7.60585591223485,7.34516699626915,6.9236138517723,7.38307936932993,8.17611412734227,7.56714638236064,7.34242086927473,8.0293188819434,8.16843905065298
"Il18",8.43343621942038,8.60243713926146,8.57714882591967,7.92054240101282,8.12135631394254,9.56147849148666,9.43910291924295,9.22119385087299,9.19232587943701,9.24170103306836,8.79811168406081,8.78993392344882,8.01493029841412,8.27752053366404,8.44863264400652,9.24096603066354,9.33768721276206,8.99368462758819,9.01649849943812,9.26609507303981
"Fpr1",7.25845610742529,8.06883954641451,8.28366401028098,7.61189794615263,8.25659649163184,8.57856998213272,10.4401124970243,9.9736403029377,9.67408629119372,10.730535618424,7.76694570937157,9.36750655525347,7.85578040151535,7.75181945629034,8.52641073735415,9.49488843102796,9.48190498439283,8.75037847796249,9.54533495651281,9.85696269429098
"Fpr3",8.77505918993152,8.52784867364693,8.90799846736411,9.08850409328199,9.2225957577753,7.60358522797299,7.243519738613,7.2670210605803,6.6635916393145,6.8916762027779,9.09002016148925,7.71526683416218,8.58157079088924,8.53542396145709,8.94068821702433,6.91474328496899,7.34561672075567,6.37801342759491,6.62157077067824,7.02017383616892
"Gzmm",8.62731754363833,8.49935095144185,8.38510405715606,9.25196492279229,8.64953535798169,9.39537058893437,9.66650598243642,10.0390240341667,9.60240334260819,9.84725350657728,8.90053217164555,8.82055557895869,8.60724901649655,8.35071623659415,8.49723243675989,9.70820000771492,9.59848821448165,9.8387621979276,9.59427492236801,9.31962762396093
"Oscar",7.97269796231166,8.11531566598518,8.10568656582533,8.00851404223006,7.7122121411345,8.34332276868487,9.46982585305057,9.25905269087935,8.95575638986248,9.75078380661717,8.32044260302683,8.35536920857576,8.11619299090036,7.61945522584354,8.01643667646895,8.81051767890539,8.55476295349237,8.24199734532993,8.71512986279181,9.05766627267766
"Lyve1",11.2323599405251,11.5105721820423,11.2043318644421,12.010301985712,11.4245797737502,9.29982844655385,9.37691249921431,9.32399443813597,9.29416432996988,9.39510845970894,11.5133269916828,11.5380805279732,11.5765532981955,12.1058925527763,11.8643771804329,9.11515191580839,9.34469260603548,9.44357285315168,9.53948534047909,9.71011194192507
"Ahsp",6.3649229723796,7.80033664954062,9.08232052408979,10.0754955975056,8.73337012146767,7.78527637680806,8.33958921183212,8.90927802990911,6.97167759513453,7.72802982483688,10.1885686021049,10.3306157003592,10.5143296089571,8.68748264485281,8.88456320901461,8.76176322269873,8.20805057142656,6.63445243321182,8.93699665521756,9.06162475607498
"Selenop",9.0087039515774,9.13145994112562,8.70896422535573,8.81095636392709,8.34688169016153,7.71669071303777,7.89832551486365,8.00133522164257,7.44360652136051,7.4980881172977,8.98456349195624,8.78901793331819,8.94182127745289,8.55292830719285,8.51776671019372,7.72213275679546,7.82695794815075,7.55174924399967,7.541697496237,7.57819045005728
"Irf7",8.84553269018487,9.30391801525576,9.3666129533228,9.13384924272781,8.86707749287186,10.3623701799247,10.9593834423903,10.9590710290363,10.2127999084748,10.9488544755796,9.21718379183947,9.33859855708897,8.96979209761853,8.51564264888916,8.74071673350067,10.2555023231805,10.101038698811,9.69183132425065,10.5051100878088,10.1551732211863
"Cxcr2",8.61840672861233,9.18010831820878,9.7108644109657,9.55014236657829,10.1624727370082,9.88004474113381,12.1006125053729,11.6026002537413,11.283347860779,12.1144893291021,9.27983873393176,9.92129052711588,9.78771489543327,9.17584656158926,10.6183478608652,11.5221314252262,10.8579922031169,10.312648262217,11.0728184058794,11.2198004049827
"Ifit2",7.54782630664478,7.89676857442967,7.97455777121923,7.38671612783845,7.98121173442142,9.49774865756458,9.36143042190188,9.48874378349998,8.96125987959467,9.48279234898441,7.5199844494049,8.11944352685297,7.59404933579229,7.63521642265565,7.77359788921407,8.73674690935261,8.9666487838269,8.52398371108769,9.03592613230087,8.78167237298394
"Trpm2",8.19067903451989,8.2141036945273,8.42347522295003,8.62021749377904,8.22160243437258,9.14664738037968,9.59105900843499,9.43182333044656,9.00805561724366,9.67392735740171,8.61505620515286,8.34191833534781,8.40566329856789,8.02951823022186,8.21729443940099,9.00822169521533,9.04848922964419,8.87188549391635,9.00117312223269,9.16534408127191
"Spry1",8.49883759811834,8.56401202050227,8.47657541803921,8.23248082206419,7.994530243781,9.55997360298717,9.56099720190345,9.73846534206691,9.67275863298569,9.55695268582197,8.32132676121386,8.26080692508228,8.24359939039254,8.19598180217099,8.53611694678085,9.38313084907712,9.56259942871988,9.07027261795006,8.9743920937453,8.98571877106231
"Padi4",6.39996783186243,6.77026155553076,6.73965558430467,6.78455082712088,6.47759097741808,7.17134305228013,8.3501823620736,7.75603185549069,7.57114850680353,8.19425480064475,6.45706633613176,7.05405180198227,6.89943962829533,6.39829032159584,6.76043009845236,7.40826376468826,7.36668206705214,7.02237635682078,7.29032881955251,7.540917896568
"Ptgs2",9.57713639969142,9.89718071326233,9.51111922087965,8.20417200368721,8.71284856427215,10.7418692800234,11.0776214756347,11.1442258392719,10.9433311319329,11.0674923548019,9.92524651574734,10.1416529140243,8.8139390158069,8.56776702116001,9.57940108073302,10.8330331684265,10.8606263580742,10.1169097643989,10.7806672141563,10.9929826822313
"Rnd3",5.51415255445741,5.3015351982534,5.48682740261102,5.35989498183041,5.37169676821791,7.51693032981618,7.27840657585134,7.18246123698429,6.74838063706399,7.31075987667344,5.42377824280521,5.29814942976209,5.52477187077673,5.54219575576474,5.34592927747793,7.02229301092902,7.23843412863336,6.63448019810578,6.60032066219138,7.09617794004948
"Htr2a",5.95370455438547,6.25165986316179,6.35310849653351,6.36451022993331,6.12505213104718,6.39267877289319,8.58229697333626,7.78028196943039,7.41958286382063,8.20966327872071,5.93898908214121,6.41013461012553,6.07048545665272,5.85475920777529,6.21555060424238,7.56484119266911,7.35709123541277,6.84716707220481,7.49666095532624,7.8345353617777
"Cass4",9.00327010708235,9.03793305913577,8.68581672768095,8.32467345807624,8.39096404640139,9.69493813535825,10.8014272285203,10.2756094897243,10.2452172740921,10.7402370589239,8.76155408098194,8.85932828449351,8.72164262410863,8.33364268842945,9.08433376886852,10.2130720905085,9.95221203186428,9.54001954584845,10.01604774211,10.026070700614
"P2rx4",8.64462532089706,8.50093084049886,8.67311546236958,8.54758411587461,8.41877055944081,9.67268750317415,9.96533822312983,9.8353352449853,9.46019528002683,9.80008822679578,8.72447788507277,8.5510631002928,8.59424108135758,8.54962007108731,8.46893506912614,9.83518639710015,9.83763629244,9.52004957375918,9.65871378749447,9.67613038221776
"Slc2a6",9.8328164407267,9.75195428341585,9.82911846795773,9.26161580980131,9.70993441644859,10.5152011856643,11.3251731627821,10.946260910555,10.5676902830321,11.175984687352,10.1044907946069,9.77747819740851,9.77536683378769,9.46815807431501,10.0215893535495,10.9095224572119,10.8067985272111,10.191225955444,10.6948451932109,10.9764067690065
"P2rx7",6.25758489920688,6.16132236684035,6.2780217164127,6.14062142629291,6.13462038176486,7.37756144169798,7.27646311795898,7.222536150607,6.94636737211817,7.25456007678461,6.20696881955236,6.26140230373676,6.30847495569091,6.32871078609846,6.26405664648965,7.43527518434909,7.41012008049428,7.43543314682972,7.7162027629131,7.78323720460015
"Klrc2",8.0736220304134,8.02376526192475,8.09660302304437,8.84494400040373,8.61517116877205,6.6304570501185,6.9984599983824,6.76217340276309,7.38581231676646,7.57174847720604,8.14356107061161,8.63158596528771,7.99035879424701,8.55497337940727,8.11882793681063,6.62400436471698,6.89168638539769,7.20137712430505,6.89520341976502,6.87622952084578
"Pdk3",10.0705770016604,10.2108526873029,10.1394635902644,10.0536134241917,10.1003803636915,10.8937841356963,11.3905267356436,11.2733922285992,10.8504724571224,11.3853866937598,9.94528926182365,10.2531433334327,10.026902528051,9.8348513441575,9.9402328661234,11.0719223862361,11.061871584076,10.6324456493245,11.1069164134223,11.1331732332047
"Gabra1",7.7378556843118,8.0233961368601,7.5440186914994,8.65760518025614,8.16127896700985,6.8239650475108,6.93707305127796,6.87425423911759,6.83660877321856,6.86536916004106,8.07350645274504,7.91909789064166,8.19912109714398,8.73905137839859,8.12247924045857,6.76010802818039,6.9239653722003,6.98438229601117,7.01401204272671,7.31508250088595
"Tmem176a",7.8066746474512,7.63887939939654,7.32516796498218,7.30278812308699,7.0735129257926,8.87923815467508,8.82650762055016,8.92906784152253,8.48927582856416,8.8633686598223,7.67743683012615,7.47734369682529,7.67215768119557,6.80584250285643,7.17071665488114,9.00045556938944,8.93982361947529,8.49656296982253,8.5468872000029,8.83058872551004
"Kcnj2",8.72590589220118,8.80002435698113,8.61706567987549,8.55110739350615,8.98658550238335,9.73632067955519,10.4172937086933,10.1505737614649,9.88729890873062,10.5058364489611,8.7583756832812,8.617168216204,8.69974932458721,8.21781249600557,9.0274151182637,9.82982490959525,9.87301130280095,9.37957873826294,9.6278028268155,9.74635906126456
"Csf3r",9.22254521552941,9.63054616526441,9.86600913690724,10.002300781454,9.48829871093471,9.98760312585753,11.6933839350076,11.1468682564916,10.7960021546194,11.8318907618355,10.1432118682805,10.6673995431914,10.3850518881856,8.85731161324949,9.80685804763113,11.0058643024742,10.5134623835186,10.0265096020375,10.8640172662096,11.0184541421596
"Isg15",7.26872582087735,7.92530871257327,8.33016819861227,7.58148307058025,7.78160146562157,9.26010446882408,10.3766318473035,10.1782799091012,9.45762601395995,10.438182242234,7.57164514449176,8.67965293496709,7.74278374023937,7.50181278838374,7.96372597959467,9.42367743105138,9.17039151696317,8.79784685765567,9.6807682247176,9.27779245417855
"Scin",7.56379075751009,7.99260892753029,8.0134430279004,8.16147723265338,8.13648066116908,8.67802487819485,8.80599021221962,9.01553792397029,9.24269128602622,9.27314540270928,7.87973586781673,8.45909928512285,7.46862553355232,8.00473789668336,7.94889126210772,8.33881401479847,8.90921061218965,9.09100860311898,8.71402045158342,8.64541140628926
"Igh-6",8.58966340427698,8.44597871275941,8.7564515903795,8.25532417898719,8.65737293698969,10.5411765131669,9.73358783241795,9.65823187982261,9.95643728495604,9.81860468212422,9.11871028422592,8.77352449546971,8.36919755579562,8.69252577378432,8.86592717470494,9.86122622353741,9.51870285063105,10.1038068796025,9.95365807973337,10.1037604736871
"Esam",8.70633319011859,8.71017701152265,8.79021643160525,9.97030497390047,8.80545481264345,7.48891476923892,7.71200449228587,7.87705778028393,7.6172527642277,7.66024576393972,9.18634521055999,8.81198496885022,9.01969186494982,9.05443188178155,8.90881129751405,7.57893644300189,7.70534054258034,7.54768910778977,7.73456520595143,7.95293636515028
"Nup62cl",7.94596784487522,7.84226251964741,7.86327815018327,8.87494512807078,8.27690556674452,6.93425494874254,7.30711865003352,7.0290043442055,7.08355270207081,7.09455436427192,7.99734086634974,7.53209416738904,7.98648606803862,8.56673601076186,8.31015155118551,7.08181855015059,7.09956878807606,6.89353603493696,7.28867234872645,7.12807547020781
"Tns1",6.92136819272266,6.87724687499897,6.93765583373445,6.94922933914437,6.79391836555522,6.94557037108568,8.71721246999593,7.88056608656423,7.73136438397513,8.70706887789469,6.93614946980467,7.23595525085056,7.00369750358342,6.60138724034596,6.94017756041801,8.10987532424643,7.49272582552027,7.14993005349938,7.78019022806464,7.95037370842677
"Lancl3",7.28138075704838,7.44214370711898,7.29560803557647,8.54074155769012,7.62173851529141,6.01310774586505,5.78056918831141,6.05656161634285,5.86784335782815,5.86946443165004,7.27584016035552,6.98742763758889,7.36860422907021,7.69151263534191,7.27775107861374,5.59823317277209,5.85596640926189,5.75129791771384,6.08364366077078,6.03563279800617
"Ca5b",8.03311714713658,7.8080703642112,7.86590492063886,8.32024543426151,7.89401364883672,10.2826688506161,10.6007317409549,10.3865909590887,10.1082860842251,10.2025933137007,8.31077733528346,7.67786132872637,7.97198256391382,7.74477607037348,7.72088056080586,10.4437478905706,10.1376582421441,9.75896545915446,10.0726101392248,10.2678789999835
"Slfn13",9.43592966939831,9.42551707078994,9.31870529521018,9.54054453309312,9.10453381365124,10.8561110079449,10.7138405667251,10.732855426234,10.9068988887581,10.8575771632943,9.37224147833447,9.34346517595659,9.17811854200258,9.00872153396642,9.05646153760585,10.5602620774771,10.539159529719,10.5412548925842,10.4791495561354,10.5222086673322
"Mmd",10.3339805990348,10.2081500003607,10.2955849759409,10.9480323866446,10.4655682145642,9.53946430932972,9.25622893953891,9.37012144532607,9.42216632743052,9.24170528750742,10.3609510010468,9.98081952371752,10.4000578873897,10.4898992663856,10.1543513136348,9.25707566930764,9.57938019267523,9.4812294634923,9.65549350989593,9.7400670988891
"Muc20",11.195281588602,11.1992504014555,11.1912732531247,12.0075882739063,11.5014830926041,10.0050070241872,10.0317326161258,10.1651610065275,10.0647055783739,10.0160422548673,11.5804197232732,11.2200997742535,11.6023436163179,11.7272271478725,11.4332797072311,10.0094369029209,10.187704643511,10.165854710297,10.4201121050803,10.3737820343613
"Oasl",10.6299690739973,11.2286191839614,11.2315703998126,9.56775469296409,10.6298910758246,12.4134166928481,12.0945132771622,12.2240913120849,11.9866158729286,12.2461154993996,10.5327345350088,10.8618512542188,9.59519377557193,10.2852120063483,11.3143556050509,11.8610059475146,12.0022474803028,11.732809582801,11.6909169573208,11.453415093233
"Serpinb11",10.1750537207504,10.1916677609888,10.1738026301853,11.1126119650884,10.4603117860631,4.64956207865936,4.75318649237443,4.89683116483747,4.98717633535778,4.9626544119553,10.3398207923319,10.0556820645936,10.5011768813385,10.8823257812143,10.3160187217167,4.79344712346993,4.72665989019058,4.59849132322126,4.68618349187691,4.85199704160464
"Fcgr3a",7.75411999872818,8.37106516165965,8.03936405654837,9.00062044053627,8.32864061137893,9.92525517975284,9.95038704336813,9.91008165713233,9.32731746706121,9.39390255566133,8.09168121590512,7.54203293282414,8.01037584447083,7.64783587861251,7.58783081765695,9.42095988452125,9.50683628885699,8.68204205616257,9.082719206966,9.17818098847724
"Nek10",6.71308510072573,7.15975887068718,6.90179435085347,6.92623937681911,6.64654409827675,8.11401221159769,8.05161551899325,8.15308007660954,7.89288370057038,7.84099077688538,6.6401161607301,7.04133945294571,6.7329484519342,6.62826450967968,6.66230038465861,8.22068648906075,8.17630660588637,8.11857738031083,7.98066672644218,8.20453105565682
"Acod1",11.0251823026224,10.2406300963029,10.6362326855644,8.94499285623351,9.89037044371363,12.9947515124091,13.4721053731932,13.3168162671802,13.217010815507,13.4258603383152,10.3827253202729,9.997869903432,9.51592924450009,9.29378387159234,10.8558781998124,13.3146201996684,13.18533062827,12.9580411645175,13.1189851879104,13.1352947717754
"Htra4",7.591406694277,8.76826423670879,8.75547516503888,6.76793337296953,8.42686558439677,10.0646128561252,10.2963818375362,10.0132680681319,9.76696649104193,10.3566240165753,8.31602954796604,8.87990114551957,7.55771071467903,8.15382575542043,9.15101020108873,9.71978718710987,9.68151098816184,9.55805486074379,9.94744267789176,9.85030139523304
"Rab30",9.66061313368249,9.47523048887522,9.93857624375418,9.43411479563513,9.73406558389575,8.06610146491051,7.76225321946134,7.71435823355236,7.90462304328235,7.82055126731384,9.36248791450635,9.63888560058273,9.38676757014355,9.61524949218367,9.52781667751993,7.90589744980614,8.17143277722761,7.92985786955232,8.14823751371616,8.27257659979723
"Ifitm6",6.96869614403622,7.46646230715854,7.09368306417763,6.44894650143019,7.1929275677404,8.50980587631267,10.2988170485865,9.69334181226577,9.45614339128013,10.414788687151,6.8972248443383,8.30206054599234,6.83769971233331,7.54411498171962,7.12331183131877,9.35181409294737,9.13999876638297,8.4843625732387,9.37553476351033,9.78837810687719
"Ifit3",8.36118022201459,9.06087358860701,9.63244555638834,8.95535684808793,9.16046471800325,10.7114984899951,11.7098825215164,11.3624836800644,11.0932731108839,11.7870033254408,8.98237392921626,10.2506124944956,9.03554676868982,8.42052486527275,9.50240420545598,10.7491228090355,10.3460039101142,10.0011085355216,10.8870550950194,10.6635088294167
"Mctp1",7.48302740693111,8.08666278469218,7.66259655506271,8.36240893386874,7.57038165410875,9.05786167776099,9.09656320476225,9.04566464481814,8.99780367785665,9.17481005636805,7.87064929289728,8.00650406663244,7.74894485860233,7.63952638864071,7.384400604432,8.78923188711887,9.19111446361562,9.13847787382313,9.36355529663375,9.42238847474237
"Car1",6.30838947066406,6.59732054921029,6.793957601142,7.61662667613379,6.8216560825754,6.05041003061178,6.80507943776684,6.44249612618044,5.99098499913373,6.14313548576986,7.55314378467436,7.73809735020751,8.180991038502,6.64770588647226,7.10264292011603,6.44148608764865,6.23053209628691,5.91544658402016,6.39102167488156,6.35207489156909
"Slc7a11",10.241334106072,11.0109386810467,10.8822592444321,8.99394331243095,10.9350530655209,11.2871427482222,11.6384819144534,11.4668771344109,11.202517064529,11.6684652866845,9.96713712582201,10.2819628087652,9.49518800616012,10.5092707527454,11.3523975530256,11.3327870062097,11.0296412827855,10.7604235475855,11.0998693611206,11.3681052418246
"P2ry13",8.17879205227847,8.4381033760843,8.90893893716018,8.46922784873872,9.28834006452123,9.3983275528751,11.8979034902405,11.1797707477299,10.8609546405976,11.9120161349219,8.72961887592479,8.85111318037826,8.73953045648543,8.85999530055988,9.74821139646064,11.2256557032429,10.6368322403217,10.0344580665454,10.992384133315,11.1525723057668
"Ppm1l",8.70261020335232,8.77061162441484,8.74724988058761,9.05256349245381,8.77951075086765,7.7517429775657,7.76810105938135,7.78452984959761,7.80663385467233,7.80868924326618,8.68044171597026,8.76686409765978,8.87621461916215,8.58345382448156,8.7220969042534,7.45370223084173,7.6316050526621,7.82652239834009,7.90076223275817,7.84968302948446
"Neb",5.77833243643445,5.89369183071088,5.87903442806905,5.98034099568012,5.89641603739988,7.67649641725764,8.01541943997147,7.62421135833991,8.17791986126776,8.29336481998217,5.91886904597336,5.8497308922704,5.85003499029864,5.80632569397057,5.84144454627171,7.57670178152294,7.94005041328173,8.11032152621031,7.79360596221779,7.92165165403872
"Usp18",6.81725569579464,7.63747309114618,7.53334542928241,6.71358447247847,7.40196035180468,9.21260510596023,9.2526842581892,8.82199179597188,8.84061876781888,9.00881091208966,7.02095090614165,7.70340956099596,6.39426106959893,7.46770218911441,7.96084291390443,8.77477165868923,8.52473303964777,8.0854467926449,8.64377991305467,8.69159096313535
"Serinc2",6.63459545766045,6.88178851320773,7.17064167915088,7.15030718220407,7.04911382869858,7.16413786298406,9.17181048688305,8.51170419782338,8.06606225495107,9.17393141478697,7.12614045072766,7.60472535485119,7.23074971113387,6.9175924714703,7.30286987737677,8.11698603074191,7.79448075861521,7.35949295479669,7.99582389387183,8.1808954739825
"Abca1",9.24890961467338,9.1204734167531,9.11655889999569,8.65606117238178,9.03814375538837,10.9699026741061,11.0174568754082,11.0308965500303,10.8807919583261,10.8162661810932,9.31178535609915,8.95059325992839,8.88565272414311,9.0931316050439,9.10057493593244,10.9831285341865,11.0666131990958,10.73180306808,10.6850433588226,10.8857436755093
"Focad",8.24417487941725,8.15493591191541,7.99931296412243,8.56407968342866,7.75625964308258,9.14303635979385,9.57863386005896,9.56144253938478,9.54259543855697,9.81205700892781,8.21308016475908,8.58283062321481,8.07673891451712,7.33404585171701,7.84520398676687,9.18860811895969,9.47888202940221,9.56275366808257,9.45672862097218,9.42927809983274
"Dock7",7.15557028209901,7.15671749094801,6.99664993522105,7.10184871559056,7.0181681339359,8.64886213758544,8.33611283176842,8.46394909932484,8.4942651223797,8.10669668793786,7.0995303417016,7.24421184388632,6.8648408614204,6.96018678081391,6.98165818418744,8.43696407943449,8.48773934715537,8.65515034649266,8.31417976853109,8.31775152904168
"Hivep3",8.14677177835839,7.84530169822353,7.98616832528157,7.77563812678609,8.1753538386587,9.06877459120673,9.25473842668682,8.45359642315579,9.32963767606016,9.18218930012812,7.956468116407,7.84070942779642,7.78440958553117,8.32791429200539,8.56985377809403,9.21416852796188,8.75995911225435,9.15075454352086,8.35774635208079,8.41710542772014
"Clstn1",6.94012542618985,6.94447097819479,7.16266133634689,7.28145432784163,6.75850560016097,8.44517655018728,8.84983833466216,8.63883003093741,8.73479503390692,8.67548616020958,6.95702091774271,7.10519434498394,7.04333436144306,6.89157670966602,6.84112349071342,8.53902259712469,8.73991417678854,8.67513666689932,8.66967588277958,8.40127047139215
"Jaml",8.21755158704304,8.7436774435081,9.00634430282643,8.66446861258274,9.37614191691968,8.99969255692183,11.0986531826652,10.3745874081096,9.94015344012427,10.9879422735625,8.55257302852525,9.23942983336694,8.98042775660567,8.72211237404391,9.57176233284815,10.3659678253467,9.96921850662963,9.34241961092133,10.0248976580479,10.305608457345
"Camp",7.16933632126754,7.78640480329088,7.29254079853911,7.12491490670418,7.83976644451555,7.77120196925006,9.5091123091963,9.07406794174392,8.8628440816268,9.5138722410283,7.48627358734685,8.11833982303779,7.14634883209149,7.49392294553334,8.01266148604744,8.59359473191351,8.33187055976867,7.82144423863942,8.62632015041208,8.8292710109896
"Rtp3",10.4032658758818,10.307821932792,10.5381577357695,8.3105529930376,9.5689900487812,11.0065687115534,11.4727740150422,11.2549921834506,10.9722460462757,11.413674098243,10.208663405557,9.89283811812033,8.97449011393316,9.39371626878404,10.6031909320727,11.0717943434622,11.1729052800768,10.4736952299768,10.7006968796278,10.711803781762
"Ccrl2",9.89236331851434,9.51566037579589,9.61655832090024,9.66763240383305,9.17846871844118,11.4281020803604,11.7584987666121,11.5553490666066,11.5130766690109,11.7234225247931,9.89417170166398,9.35937897228909,9.80256876870487,8.79229151891455,9.26358255084512,11.462318614489,11.5646629666223,10.953160257985,11.2951422377743,11.3717134590278
"RGD1307182",9.27513056174579,9.54610077776637,9.51073082008056,9.01438888978943,9.5046178833522,7.56316206217783,8.84874995647063,8.57130165597867,8.0553452542297,8.98884492926665,9.19244134002995,9.74899991170129,9.27508894550311,9.42515529892484,10.1882476182158,8.08495943695596,7.67725023380069,7.26651149829449,8.12207663549851,8.28790314472906
"Niacr1",11.7110515261682,11.510761915627,11.6259542146755,11.1324312518685,11.4092833353878,12.4742904846394,13.128191186365,12.9618637858618,12.7623634097838,13.0516055055539,11.6910829227813,11.674611325591,11.2575773062049,11.1295643265837,11.6011957538974,12.7651274015014,12.57495310892,12.3133146493427,12.5685871173002,12.6698958404302
"Icam2",9.7968322213686,9.69763886095514,9.55145916482604,9.44293749449574,9.46655514601636,8.2402423626804,8.19889050375602,7.98071679460547,8.11204578351427,8.08811380321368,9.71640981344681,9.78517412346901,9.71685255060174,9.64310023992491,9.58382471576069,8.07621657017218,8.08397913870553,7.86573257555297,7.91379356050841,7.78281651166814
"Rtp4",5.8764518934035,5.81363318039376,5.91640958196449,5.71090145738061,5.99987563399995,7.68705425519604,8.16420777244094,7.85388360514616,7.67589482600041,8.23493548938213,5.60271939526576,5.83206252007996,5.72335389961239,5.78282455533416,6.06994302078128,7.49933565456393,7.26958505292649,6.78111719061397,7.41337930257042,7.62630579733701
"Rgs16",8.87711356132279,9.60154437269805,9.21560644051536,9.55496480627486,9.47006284679156,10.2027951625099,10.4554585798747,10.1940775618036,11.2452485168973,10.6253164603296,9.1692713917054,9.26834806937968,9.21176249474619,9.55070657192035,10.0573673927039,10.4632477353148,10.0712589415868,10.3481412427221,10.1741160311328,10.2007035018703
"Jchain",8.28265531819919,7.50760869368733,8.19795320652867,8.33203182635933,7.41254357793134,9.75910368387876,10.0146344699398,9.66086904821782,10.0825717189353,10.6873033705966,8.43037630379816,7.69558675950724,8.26074279741581,7.19380243087929,7.38355237936955,10.1445599875759,9.97308858376755,9.86070005044399,10.1597243735908,10.2961731107641
"Fech",7.82894245379449,8.23281337044097,9.15086340769305,9.92927571759431,9.05239810927594,8.20743308481159,8.44856883130338,8.82575005996823,7.64067790703679,7.89049167729805,10.0390063645599,9.95914802710713,10.3647658449329,8.72357956994117,8.92794227432602,8.67328125548623,8.5238396568804,7.64353924686179,8.97609165825115,8.98110710886542
"Dok4",7.3665727757567,7.37827415720245,7.43364340332684,7.71520676782485,7.58693409264125,9.52647764585425,9.63675931338783,9.53258545913374,9.48359762128567,9.42439683032961,7.52593843026556,7.20806270271327,7.52851816646213,7.46819663371054,7.44852878968488,9.33585627258543,9.36992270949034,9.28487767563583,9.65950696025753,9.49749779202453
"Ehd2",7.69093092756043,8.01151376749131,8.04966508936376,8.33282009092214,8.21252765102868,9.20766150934029,9.29368980936493,9.42472983094867,9.29335276580632,9.14333694090882,8.06473357227736,8.22430267025814,7.8179176465816,8.70197184421799,8.30644373195802,9.30231321858499,9.19895762349845,9.41551186171807,9.05277606428798,9.42761031642668
"Gbp5",11.2279071756278,11.1253039269166,11.1933084633184,10.6174364530654,11.1275721945165,12.2057333841624,12.2291120903882,12.1027708144033,12.0047218201627,12.2054410021141,11.3696134720465,11.2866443180004,10.81976692598,11.1736505759352,11.3892943352704,12.0932629615836,12.2954915933663,11.9297366580561,12.1542687010676,12.1261589672476
"Wls",6.37062207239126,6.36486424460549,6.24843983408377,6.40644427474234,6.52394096135751,7.72303210312511,7.49260517605202,7.30517349186379,7.58760241775346,7.53677922643682,6.43479706200566,6.29646175625298,6.32702388765707,6.50860120123117,6.28088563857126,7.42362204673822,7.69210268155778,8.03372280116604,8.03116824907265,7.95690754165517
"Scand1",10.2689339840611,10.4269183240276,10.2758272758191,10.3098330737781,10.2701320732904,8.86610727062579,9.00797765741815,8.80165626826176,9.02948932069176,9.07217634065732,10.2101955861503,10.1018219178781,10.3994922001398,10.4199504528205,10.4515200699757,9.02350461689269,8.90420504835029,8.86550000958299,8.8187453504909,8.82665090381008
"Rtel1",9.23253675540266,9.03843233391681,9.17037927996348,9.21997147434698,9.49020083445025,8.19879764372863,8.07330690746996,8.10061845832824,8.12810398338299,8.04417905159529,9.20903302440987,8.91839409978517,9.243888135493,9.31450601747513,9.38085560277008,8.2529803911247,8.18103169167263,8.3511594008869,8.43803651847823,8.2446614325824
"Alg6",8.10280102312688,7.92961649649439,8.08375187427853,8.90697529565689,8.2785528990414,9.15463656325872,9.02334346104846,9.03683697622271,8.95857189744314,9.16885571920921,8.14125428928281,7.80188844165473,8.22773258558994,8.34025545926667,7.90075598406447,8.79228627452676,9.21195860938999,9.14758810053269,9.3749191047332,9.25351890177576
"Plet1",11.4392580337533,12.030135238356,11.6603757658787,10.3901245572971,11.7394246388894,12.6155853496604,12.8044047508395,12.7709208387858,12.9306869720471,12.9194820572347,12.0711326453905,12.3124841072108,11.1710081516169,11.6252454403377,12.1305523537383,12.7227870001841,12.7235608125876,12.5037679343342,12.999073823255,13.099023199882
"Fcar",6.85330676624619,7.07439425051851,7.76096712397201,7.24611603106679,8.17339857565556,7.4955063758757,10.0453983503837,9.49639341739729,9.43968337102897,10.2159240306242,7.25967091929224,8.5193184987971,7.57981623834853,7.28705100909965,8.29418601485241,8.95308246115122,8.47084715671841,7.99507853115739,9.09749022988553,9.22122137810281
"LOC366772",8.57066382763951,8.48943062166917,8.60962630053475,8.74698075531008,8.49222047176104,9.31265809022867,9.22585569001193,8.68587780288665,10.0506357752758,10.9822214035971,8.65030780061579,8.12961809833121,8.78564485684527,8.43055710642622,8.2899390416042,10.1846028317062,9.70455400049894,9.71701629942452,9.91317819214703,10.2634653290066
"Maff",7.94474999712896,8.18472947349893,8.36642969063969,7.81866954217983,7.79169399148625,8.8324376508497,9.74449094077969,9.04657371215577,9.27560220192846,9.35130644766371,8.50683520812025,8.44615659558635,8.03478957731653,7.63244826202926,8.13059383425549,9.30056410790025,9.11308703795325,8.71538688132793,9.09914454659491,8.99004442761731
"Neil1",9.61113007650853,9.18121701207648,9.11830383750901,9.14419168372734,9.76083526559768,7.91100776694492,7.71381365634649,7.28208760905528,7.5445748705388,7.70893962548719,9.04387648867046,8.91434718249686,9.2265450093544,9.76266546616446,9.52076879913002,7.96425152007071,7.84794745151887,7.73831558065714,8.13090387235365,8.08011508445341
"Lrg1",7.80243595530416,8.2890790237456,8.57921836796843,8.6776525797616,8.20389886757077,8.57337773113921,10.5741024874066,9.64115338309993,9.28090767147343,10.6069469777783,8.79209563819313,9.49527300414688,9.04374603725494,7.92271635764977,8.82367218659406,9.79100764358416,8.99078160855341,8.52798889963151,9.47416485519881,9.55368593491607
"IgG-2a",7.92916375005761,7.5430826140864,7.69027487804595,7.58524988680426,7.69462512208126,8.87721091141089,8.68225393735342,8.47447746564655,9.39845560827791,9.57317140005192,8.05963431152844,7.48037266547127,7.77289479290529,7.9626849226462,7.68538601878202,9.05668710252334,8.98104292328779,8.51589019041198,8.8059019748453,9.37554864993917
"Il22ra2",6.61524713702866,6.87902392024651,6.61813546563127,6.76417234624897,7.18662335849254,7.60862117689456,9.14032965377027,8.09471778562557,8.59699039852619,9.18536693626119,6.75690078396816,6.55766949615266,6.96069583340408,6.85274778381066,7.29413962719345,7.96209849933839,7.88961507739546,7.96900134398553,8.68453875551154,8.93162578719407
"Rnase2",9.72984286015082,9.45048136688741,9.2107889923489,9.70880854944759,8.3320676603354,8.27146787782767,8.71489923352017,8.34180745756924,7.38091036762438,8.07313586576952,9.80913113167676,9.35934693016985,9.30621146247055,8.25195162855558,9.26420544967509,8.2428156390496,8.10594919581559,7.27314215589498,7.82315036900275,8.23823960704644
"Klra1",6.50366314392225,6.96083274668841,6.80205312992912,6.883877670742,6.99745902650572,6.99782722366904,8.60075244571006,8.08659670889658,7.72121360986132,8.9496305503458,6.72752598502973,7.35356039517869,6.90996624731713,6.6316460797208,7.10108187775431,7.84600276549253,7.40335196080786,6.83241857743192,7.38222998229163,7.86158290509887
"Oas1k",7.89332589236721,9.01992384259369,9.72955849158877,9.2401010628973,7.96544816390494,9.5223482224649,11.6828491031774,11.0963537701234,10.235761279033,11.4732857999247,9.05775783305499,10.2787339741783,9.6614930407189,7.65346068865079,9.05595865594499,10.6337043135281,9.94969733414243,9.30080646157356,10.4344564984615,10.3439393693928
"Ly49si1",6.00320654641377,6.37127080975795,6.30791007137258,6.48121834472695,6.75746946556501,8.20978997449289,8.00492172259401,7.70198020610494,8.58750083748549,7.93080648186502,6.56611014048498,5.76025256902688,6.08287133117115,6.21464178052074,5.96306982876581,7.52073896606184,7.74769093192304,7.29214644907229,7.47404152446851,7.93844703961172
"Xk",9.73178534769257,10.0123508467843,9.73721755787844,10.891448739486,10.1039918388951,7.74439760703418,7.68649753438428,7.72710034472161,7.7058050708807,7.76502979919375,10.0201735005823,9.63495000406028,10.0937785603438,10.3748279982657,9.94034927055105,7.18318860905864,7.97119044490338,7.84671959584656,8.02428449931572,7.7616938641846
"Cd2",11.1592053200252,11.1597941181751,11.1049701740865,11.0991286310477,10.623867949084,10.1376782005259,10.0791512157641,9.88008773746248,9.87049575733198,9.79950182760671,11.2985494967449,11.1864106482758,11.2094249266722,10.7350715731829,10.8090957934134,10.2131588080507,9.91703731224313,9.82566279021591,9.64063296181193,9.74373924567821
"Tmem88",9.03381607713657,8.99185576718828,8.70475352393966,8.69657965824084,8.01658123002743,9.53546648017234,10.3664726051943,10.2621133522737,9.8486000340564,9.93575187277358,8.87357511427782,8.94298744183468,8.70165355908269,7.67691017425985,8.32599277419849,9.87057766896416,9.57609261293612,9.30668982188449,9.45007360129472,9.48063122073584
"Trat1",9.85042235008079,9.88697754058983,9.67910817564149,9.76584384332074,9.86951694362874,8.95864533388941,8.52999199014672,8.22832510098529,9.02017232106273,8.76659460287094,9.68636584003786,9.60623539544116,9.6378928736241,9.94809586726644,9.9768807062693,8.54455130382981,8.67156958325182,8.87683510795824,8.82244638572691,8.6070193416396
"Stfa2l2",7.60302884266159,8.39655856129606,8.51051870693889,8.01652024337979,9.29929323455066,8.77955190875541,10.9068609604251,10.1364143401351,9.75816406744722,10.82291468204,7.57682574752997,9.56124734261575,8.03605375206392,8.26059301495235,9.5818513468301,10.1887342447657,9.4626780626701,8.39497534851511,9.48717370024248,9.88987795061898
"Mfsd4a",9.63721674913013,9.28348315540644,9.3829345031562,9.09678474675462,9.75223865035608,10.2268553651307,10.0528519200545,10.0826368275054,10.1595524903578,10.0290705960351,9.1055755067581,8.97241193376581,9.3139255565358,9.48187260105484,9.44261035655789,10.3168270389874,10.3074841573726,10.5385268090863,10.3867899038793,10.2861148876119
"Lax1",12.0217056030476,11.824188910518,11.8476872768203,11.6323177932635,11.8806635068884,10.8921939191065,10.6115838452182,10.9568124559649,10.7758812242524,10.9208398722304,11.770714895375,11.5974593376912,11.6862448048284,11.8875403041413,11.6972641094365,10.9861034956721,11.2932715949467,11.1109772329492,11.2032437773052,11.1447919529397
"Sytl3",7.93317094971965,8.0051347074104,8.1443072888632,8.56782416663965,8.10517790276092,8.81910559091459,9.18700433646262,8.97853176460267,10.4484141013103,9.45175266593259,8.24791739292808,8.43236337407802,8.08722537526263,8.03103159755557,8.41031007939552,9.08723529031129,8.85864618722667,9.25237128850747,8.97310817833976,8.9479241159037
"Pacrg",9.78563967673635,9.91388791908023,9.82092451771758,10.4282425586559,10.0869785170707,11.1880466553858,11.1551410904184,11.1375938883606,11.1541249209206,11.1289724714538,9.90677535968915,9.9217578997936,9.98661365597302,10.4063311925848,10.0108483408024,11.0395777152654,11.1410546673398,11.1721314863926,11.2801796830476,11.3191777800901
"Ifih1",9.00884470447919,9.56075820469195,9.37106090709653,8.71064531028673,9.10928845998629,10.5634144242346,10.4740934613108,10.4191993475075,10.295336081324,10.3455216078982,8.98304782662894,9.12191658018006,8.50860749659603,8.64874012988408,9.32762381538674,9.98779468054676,10.3017947096679,9.98162988230801,9.97299101798318,9.85216480389645
"Steap4",7.41609282986243,7.6793698166339,8.02260181101638,7.52571602052349,8.10051838610661,8.05643037794446,10.295494518336,9.56431727331997,9.36037772284798,10.3699164817195,7.78247323737568,8.78640378607012,7.79029631573507,7.49723777305721,8.58288989403528,9.47111160580508,8.83032424242837,8.53498575457131,9.20958062702271,9.42413155352674
"Samd9",8.13407309098207,8.30229348783491,8.44730584892129,8.37956912265932,8.71744787615875,9.57895147637163,10.2162361810665,9.99929298225649,9.51957653200968,10.3463371601437,8.29628466302014,8.41671642059453,8.32213374326777,8.25493487636854,8.54080327686418,9.45458021419479,9.58025174135204,9.11018371585561,9.85798554506939,9.85715672834331
"Igkc",9.75495889262823,9.66164200910331,9.35897569922166,9.53877785635774,10.2431699106279,10.1866972170143,10.184442446124,10.0640471073843,10.1075800739816,10.3504755471871,9.20033891950543,8.88198097087095,9.59167154321288,10.3448013974523,9.94170024019417,11.1024519395083,10.610074045436,10.1178713675436,10.6295334345996,10.6060721231259
"Clec1a",8.61809084317195,8.37144201439803,8.60386907242136,8.54149868496846,8.49880498890638,9.12980167463837,10.9119537034667,10.2093289963832,10.1126728892294,10.7583242635958,8.7312826749404,8.44343871342016,8.82884559244967,7.86791548062207,8.6834405807037,9.88391273091222,9.68830138686112,9.19230091671252,10.2040203821332,10.2456510059627
"Klrc3",9.85656979422092,10.2873157783214,10.1519706731967,10.9610695819856,10.6253159209193,8.35971193117874,8.70828232910638,8.33917433378413,8.99176434337991,8.89330777951642,10.2470244739882,10.5954314917123,9.95230784294416,10.661761450075,10.3441712943166,8.1729339125856,8.59618339624179,8.93466946749508,8.68771962843203,8.76164041670671
"RGD1562690",13.1118814308242,13.1113875925504,13.1180848559077,13.2761091617074,13.0733586963691,7.13848227237003,7.03786577681434,8.08366728613829,7.00618790188141,7.25625020523117,13.2774069256069,13.0948455373011,13.2486762733285,13.0199281927257,13.0287634135067,7.15107688224031,7.00913257575631,6.71488869248013,7.43329277609618,7.14275023069602
"Klri2",9.59268697369887,10.0157005959711,9.54700913652528,9.91833377002026,10.0863214123849,7.12551219186671,7.03092478156406,6.56182304782559,7.21995865036371,7.19589658268234,9.77521399189048,10.1281966156851,9.54652856511456,10.4243173242971,10.1981534908184,6.64376076711067,6.9137528996097,6.98404109745087,6.86798661665659,6.83666383618788
"Klri1",8.24482005510763,8.31447318029526,8.4211100649425,8.89862146567302,8.73470555386844,9.44934002931675,9.724008133591,9.37982909608835,9.87977225560602,10.0491237660761,8.39842303938483,8.68855922905398,7.88263656963665,8.84472557940223,8.72220382434525,9.08217727878422,9.44257812629362,9.89503154654977,9.35829083687325,9.48207591413151
"Mid1",7.3487828247686,7.51490111002077,7.43437988085951,8.71294817639251,7.86158343260383,5.96833840049796,5.95404091028641,5.57272431274199,6.07970593612658,5.90592283851049,7.69881341496615,7.52606233172591,7.4765269610197,7.9066625263681,7.63806382013488,5.93316147176328,5.98319639086838,6.11071314711833,6.0802867337537,6.32240067355366
"Lgals1",9.42926174543064,9.56026029984695,9.25365983271864,9.68597531827645,8.95698510399547,10.4438006871135,10.8180637850263,10.5257210463573,10.335118408569,10.4888599319234,9.65192536819258,9.37243346941679,9.48634481795163,8.9384031733729,9.07712218299541,10.8324798976405,10.5604586584565,10.2420024692726,10.4704657006066,10.5602659885313
"Ifit1",5.76544830095818,5.92883214654547,6.1585722555405,5.86903212594129,6.00666338925354,5.97650504557473,8.30454280827467,7.25631860714028,6.99428060457842,7.96313191750475,6.16946729230823,6.98261343908755,6.47046779145932,5.78495157310437,6.56048031556659,7.21373151619433,6.84207012537787,6.03302692212222,6.84838698954035,7.20016393343454
"Cnr2",10.5436542697661,10.528974845988,10.544257816536,10.4345704775299,10.430175448785,9.37017171639644,9.45264957340471,9.45507897561619,9.50473643646618,9.61170091113256,10.399197531564,10.6366222023433,10.3599023232796,10.5108399901606,10.3633224464149,9.51909919310641,9.58230622008297,9.46801648379173,9.68711020657772,9.62776609978505
"Grb14",6.19287023938387,5.82560889186833,5.97268918709505,5.97031486964287,5.74684136362547,6.86785328483726,7.39016460005876,7.16375280149889,6.77888358212184,6.73483614553768,5.8069325955107,5.70673998331662,5.78349981635493,5.68938387630698,6.03712521789309,7.15005806814527,7.0330746834536,6.80048522466388,6.9771817070108,6.92429058609757
"Ptafr",8.55163818980619,8.90092331563225,8.5660861180344,8.73065811926192,8.24193027106321,8.76137607351678,10.4880497849396,9.88567493477784,9.39092606079777,10.4051558651242,8.8803534850452,9.24649253105033,9.01685931275539,7.71270065152582,8.50039422755741,10.0374161648708,9.46697081174439,8.78866441842861,9.65510992331444,9.84869741148378
"Klrg1",8.03410747732075,8.30204205614524,8.02903766269493,9.22893587100593,8.68178357299481,9.29124217231299,9.51327503077183,9.60133744178369,9.69052857940498,9.88800671538968,8.51660125935099,8.75418823666023,7.92451670712126,8.57817126068029,8.28284871303664,9.21978619393945,9.57355286748689,9.71357439606196,9.59696506263721,9.388430397738
"Rhd",6.94555937811164,7.42243122233076,8.90138495512572,9.74637353770912,8.57351898396122,6.53902168563302,6.62272466640709,6.86352913863633,6.24744611767104,6.46979834599957,9.48962861397925,9.76004460063465,10.2126813001368,8.37228200944354,8.36748653343373,6.93014625845557,6.50594170028609,6.11159679902871,7.21171623744618,7.11561084238175
"Ccr2",12.6971080564583,12.5312002942939,12.4555620615341,12.8635173661356,12.3420170318748,11.5490430325943,11.3197981503041,11.8806954404499,11.4128779103275,11.6625391825783,12.769254303295,12.7915527438329,12.9816363996154,12.3904066959376,12.5325025219063,11.0489813731402,11.3918568182528,10.9848910914247,11.3536145743988,11.7344076359705
"Lif",7.58817159723274,8.21217423472867,7.7384417648683,6.9994104459219,7.39905622837597,8.58086444687543,8.86085259026533,8.19134188690346,8.50571544638219,8.28624994801212,7.61800330638464,7.45790486016682,7.2382845393026,7.19903342784443,8.28011874351103,8.79310088086979,8.59219933931121,8.2771796765239,8.81071993261935,8.72398752647282
"Mmp8",9.14029708693152,9.88332808553889,9.88994568466098,9.25792500217423,9.95449924698964,10.3161131353811,12.0380582365281,11.6541779110951,11.1886872434081,12.0453610927101,9.19877361449209,11.0167803626337,9.64338084437386,9.67191129450098,10.5731041062121,11.3140835734842,11.1122449158124,10.2983352901698,11.1876647142452,11.4161992378091
"Cd244",8.45304840267159,8.48624433095472,8.57514301111049,8.4196469361818,8.65261312591204,10.5116378303851,10.0285158001081,9.96973417667574,9.94625700938045,10.0345916129403,8.76361736408804,8.43947026868647,7.82112770939265,8.44071902474165,8.43657309385897,9.84948080948308,9.91107454792725,9.4684558777796,9.38541194023154,9.79169466055995
"Gpx3",7.85753719418756,7.42339893978147,7.56496379878181,8.36303215483277,7.90573223480099,9.11195232307286,9.59505393217579,9.27858199543118,9.34547594629907,9.28029532484593,8.04799153345035,7.42122311731672,7.87832060642112,7.76919879588241,7.74383276962798,9.15607876203702,9.34287196451864,9.26052209333622,9.87800309897006,9.5526853457082
"Entpd2",8.91003709853229,8.59758250602351,9.05659543829921,9.09635324088338,8.76083431684339,7.53976600413306,8.73423720077569,8.25920789007864,8.34488018348467,8.72506219828541,9.35908751511351,9.26013177464642,8.83909079467329,8.9175370233637,9.2009279827636,8.01442769811192,7.87928980160143,7.75406811247024,8.26891964435874,8.28953594169637
"Tspan2",10.0468020413497,10.1743393792945,10.1759913794532,10.1773750469863,9.64159744759158,10.8211116690639,11.3824738124002,11.2551065601756,10.7884926955514,11.3535630721407,10.2836789801661,10.2195215475769,10.0571628817442,9.75019913235709,9.86085154751565,10.8955017279004,11.0645444843583,10.5336246450403,10.8190150380165,11.177486093229
"Slc7a2",9.04164620881539,9.08376097239558,9.11796193708541,7.01955871199614,7.95995533248193,9.00274064130915,9.69031409615219,9.48133395351449,9.55082214496841,9.88398748518754,9.28214578239145,9.33431845365629,7.68359087470823,8.14752118042135,9.28382956821056,9.24099805261932,9.23137543207829,8.70756197808511,9.11080039865059,9.51121728181908
"Olah",8.13873910914808,8.46617366501112,8.21854386119731,8.05976960429819,7.97219514652754,7.25916897220446,7.46216448622274,7.02936407332461,7.92997115885471,7.46305550504595,8.38352516575863,8.61095917644566,8.28963363787877,8.2399410211706,8.91701419327533,7.47986873642975,6.76159328697198,7.12243200549396,7.2374413113476,7.47391613646584
"Aqp9",6.49863091342303,6.72652693877636,6.80203001198281,6.76817168464137,7.20575110269756,7.18558441585957,8.84639753585462,8.24139240075326,7.95220944985543,8.70261643569649,6.73094975205156,7.10639510188062,7.103352885957,6.36432035450102,7.03488469021421,8.13641555708073,7.78817850066241,7.45223557744752,7.90099910662867,8.21313751549847
"Slc27a2",5.81868194851922,5.8232043531681,5.78360063364117,5.9517211845057,5.90436804591277,7.78443829175104,8.31051488654311,8.38142116349775,9.00072834486182,8.63292577711671,5.98076858618646,5.8916706186813,6.121163361168,5.99153963456733,5.7184596381503,7.57215014080321,7.96335335314014,8.01512048488362,7.56873499177637,7.58545038692423
"Rhag",7.38395366524701,6.96273590572368,7.43979761345685,8.45903848263653,7.82221509063576,8.73899596233084,8.60055892379489,8.51730466412739,8.77706496214796,8.70625835030659,7.40886224521663,6.95451544620167,7.75119212894896,7.48972865460578,7.00915743529629,8.44001624818785,8.89112163530471,8.65899055566195,9.22536170805955,9.05906203538989
"LOC680329",7.13158691084673,6.82784709378261,6.6937410868232,6.49856908126265,6.87605319713938,7.73309569180463,7.94158294923728,7.39197020470831,7.79328199428406,7.96952785929055,6.62500866941727,6.35290427384628,6.41589312287527,7.05374056210647,7.04731204460021,8.11669602787672,7.87953531527037,7.60446112567461,8.0388834467982,8.19382564350718
"Clec12a",8.68821531991116,8.86714773929747,8.31411894778823,8.59433815896694,8.37912019257373,10.0826600053866,10.1384777173278,10.029576896347,9.76077235411655,10.2935871787414,8.58058145324527,8.55458230571361,8.79641680699779,8.57237755658287,8.60787878122296,9.85419443356377,9.91632783514147,9.20977107511467,9.32297024383526,9.82330278936606
"Pcca",9.02082551560926,9.04035257178472,8.93036808382176,9.57094804511232,9.0827011240138,7.93674776460948,8.24806473917455,8.13143532121281,8.17694777674165,7.88005752500058,9.06942358463471,8.58198867494401,8.93211815685857,9.28810592039929,9.03001488647964,8.00205096692975,8.154258303537,8.1242380488927,8.17281163437976,8.0794773226579
"Dydc1",7.68515743884657,7.55129368946889,7.96650067619814,8.56035258600881,7.90760065695809,6.88578707427189,6.93573899966725,6.69101900437315,6.93573899966725,6.61717720763952,7.81599714768624,7.36215563499294,8.01774899448099,7.762554570255,7.72656049544467,6.77944586111061,6.69588222672302,6.6834192122931,6.92383674210373,7.06300024139921
"LOC688553",8.48120455026355,8.14831288656705,8.22446850471413,8.35817762329154,8.55120682384307,9.33590069269243,9.54219604244702,9.42162721505038,9.21534017486006,9.3488738225818,8.02498834277464,7.96505953987981,8.33226306667191,8.56549204839091,8.59174546949418,9.6617927939444,9.82055503628484,9.73091891642746,9.9291163436582,9.8245493212176
"Gpr84",8.08859179870132,8.35664110214349,8.13731174599684,8.14467838272888,8.803090940686,8.4933519097256,10.6381803306774,9.76844281610011,9.42950027808801,10.5171851237311,8.24324990922855,8.23121299008264,8.72217631487649,8.36453627131564,9.15980931473562,10.0339746067529,9.34228319062851,8.81466812679546,9.68506069591009,10.1662883777768
"LOC689230",6.68965687510643,7.55314351871112,7.23131313653696,7.1260289593542,7.60832501636677,7.52097396254064,9.30238079620002,8.37312250766377,8.21310325488103,9.12715005659553,6.8771551726223,8.59461021865896,6.93312007097614,7.0027980232244,7.72696288553734,8.34834109649722,7.84948397969449,7.10814826038596,8.02259638085267,8.15749812788973
"Rab20",9.07990088730018,9.27506608093915,9.10941386465936,8.76870016152519,8.7390715160963,9.66167151698282,10.3803645355904,10.3537674317962,9.87088425552606,10.1660193490765,9.11831834741322,9.45458107648862,9.01645499680422,8.42196479675316,8.99977941605421,9.87749951118745,9.75472779545476,8.9593777519799,9.75663111009172,9.93395339825567
"LOC689800",11.2970696438884,11.2977994295261,11.2091388756757,11.1452544410686,11.0649014834457,10.1759353578009,10.8091169183788,10.2811713174062,10.0971817727177,10.227556796828,11.2886191179918,11.3028325473356,11.1784535237323,11.0810230950842,11.1590640562468,10.4395360077691,10.151925621171,9.5318391458075,9.77531291078292,9.97434667759928
"LOC690020",5.98816335127052,5.87090548704247,5.67517492641979,5.60499505798724,5.80975300904358,6.92518520452005,7.73310970102527,7.31828090497866,7.24652838984224,7.99107967188207,5.58361470768091,6.0131528605151,5.49465252546836,5.82818379107111,5.82150412881944,7.43943143010747,7.17240711723202,6.82614266705153,7.16139747699008,7.52223109930075
"Csf1",7.81918791470454,8.53808630200536,8.8339338817708,8.13619902805752,9.02796677815055,9.59603610311765,12.110817625711,11.4579829578314,11.5324450938627,12.2998455280981,8.73353501409904,9.73002753441848,8.77879909065105,8.34330685763569,9.44413213396076,11.4060193905735,10.176686412367,10.0930752659635,10.9846071239927,10.971378354539
"Cxcl1",11.0719219451723,10.7004792682105,10.3317454717595,9.00913281624489,9.46807706621019,10.9684620330246,11.8839926105083,11.7469981343653,11.2588520860276,10.9444027946235,10.73415643376,10.1731937820551,9.6695915744645,9.5049539292945,10.5233264970283,11.5544601191282,11.40668830385,10.8463797848695,11.5683393793939,11.5317354013519
"Alox15",7.16861568253431,7.74433460270384,8.84830690017583,9.53868219889207,8.69858175657783,7.46345025114163,7.92041597800551,8.40084300765301,7.56012621298383,7.70722241743401,9.49322956155458,9.78072025889593,10.0723813249666,8.18534834069588,8.35155342409606,8.26027085541442,7.85154433519326,7.01512125182791,8.45232433770811,8.41533887268001
"Mmp9",10.0834133141886,10.2908061289837,10.7131408097915,9.53704808067853,10.7863991293896,10.4997561842568,12.2226821014491,11.5520592645105,11.2182143890717,12.0567726593693,10.3195251614402,11.0415685274911,9.92630836639152,10.3369071312594,11.102010004857,11.753668525684,11.334653839149,10.9270518657009,11.7371539542797,11.9361671250082
"Cish",8.78424127088859,9.29743697763758,8.75058352285532,8.66172840197883,8.27424045379565,9.34273603639212,10.1288786922442,9.76202606395627,10.1750050632736,9.78595994841515,8.92240748583487,8.67991115503898,8.2564329221557,8.00784909673789,8.67384281540005,9.96072379557666,9.43038909618223,9.28564036919443,9.39746554207334,9.45570677640418
"Plk2",8.68940663555983,9.06065285196864,8.74836840880502,8.29493720533841,8.41369334175861,11.2919051957198,11.0620083541786,11.05210123736,11.0352330188834,11.1223796292764,8.61441711377845,8.93111366273826,8.43779095466343,8.27252354114213,8.62905543477166,11.0044713312111,11.1256751292533,10.3802432501966,10.4154412047836,10.8495226226697
"Fetub",7.21175061729906,7.27582746976117,7.59881240962149,7.59892072629544,7.40825596807015,7.37106477527629,9.02731826846982,8.3722561827902,8.1179974679993,9.49082700226086,7.53223522383045,8.16220801215923,8.02889688696202,7.29009307925225,7.5703505842897,8.39807919595015,7.82607718700316,7.45222500259227,8.26465475583798,8.6377620502081
"Pglyrp1",7.58675396378497,8.17241448342662,8.12584460072159,7.86705069241788,7.98484973054401,9.65263185156414,11.2217397018214,10.712776266211,10.2156469608411,11.1670628372854,7.6272233581487,8.95482420502145,8.16826215016299,7.96372603560887,8.64638907934654,10.6176532139792,10.092474318533,9.46725135612135,10.4492423008834,10.820695571433
"Fads1",7.80178567608583,7.03655673702995,7.85281973508661,8.62009387668925,7.94879592147106,9.34737741060675,9.63772197427493,9.55346582567153,9.41335109265475,9.50428071137887,7.72836851647844,6.61980911356366,8.13134238035176,7.28167012523425,7.32225895505571,9.12434803881376,9.3310672091495,9.41709332821047,9.75708829952722,9.76426357439612
"Gata3",9.25252638339303,9.38519626912683,9.11561562766498,9.81736468072852,9.23081316355046,8.50141773556205,8.21302384441516,8.16504676768259,8.19960186883978,8.19514141955201,9.08527398085627,9.15477760443866,9.02869307148603,9.57374313038803,9.08238841235542,8.12791149161844,8.12593951662841,8.23948359501559,8.12369655249272,8.11933188495367
"Cdhr1",7.05223595873873,7.38547488697946,7.15121669630339,7.17214205835489,7.22412332277578,7.94782534885178,8.68068290131438,8.30845500976897,8.37545126239733,8.46777726451737,7.11738725857012,7.41446454345511,6.84406541239354,7.17781588865407,6.96982232008947,8.12240627712048,8.29435054443606,8.33065964227491,8.06192472644766,7.92087605123105
"Tinagl1",6.70369407529953,7.32637362353936,7.92896390218925,7.10139389466353,7.46936986367092,7.43919464390771,9.54633506496416,8.90583915958078,8.44895701496712,9.45541771400873,7.64100572731249,8.65799670496238,7.71625478235161,6.85406051073028,7.39003604618485,8.53538907576159,8.12561605792378,7.31005364018154,8.40534708328331,8.48502101045225
"S100a9",9.33182370857145,10.0578206481354,10.2636294972763,9.82468741613064,9.76312809636259,10.8708940775268,12.3167681835439,12.0342546653648,11.5413439277065,12.458741348538,9.93013916737954,11.3626720180548,10.2296345558453,9.60322487844819,10.4861235808269,11.7139106231838,11.4098960267196,10.8711221493915,11.7680484475833,11.8865955816963
